	Title of Headline Roundup	description	Topics	Date	url_story	left_story_title	center_story_title	right_story_title	right_story_url	right_story_text	center_story_url	center_story_text	left_story_url	left_story_text
3513	Romney in London		Elections	2012-07-26	/story/romney-london	Romney's Olympics false start	Shaky Start for Romney Overseas Trip 	Romney causes London stir over Olympic readiness remark	http://politics.blogs.foxnews.com/2012/07/26/romney-and-camerons-olympic-match	The Brits, taking a break from beating up on their own politicians over the state of the economy, made major sport out of a seemingly minor gaffe Thursday from Mitt Romney.	http://online.wsj.com/article/SB10000872396390443477104577550621066073012.html	"Mitt Romney launched an overseas tour Thursday that injected a dose of national security into a presidential race that has been nearly devoid of it.
But in his first day of official visits with British leaders, the presumptive Republican nominee had to deal instead with a flap that followed comments he made about British preparations for the Olympics that ruffled feathers and drew a dig from London's mayor."	http://politicalticker.blogs.cnn.com/2012/07/26/romneys-olympics-false-start/	"Mitt Romney told British leaders he hopes to take in an Olympics swimming competition during his time in London. With no pool in sight, the Republican presidential candidate has already made waves of his own.
Early Thursday morning in the U.K., while much of the U.S. political world was fast asleep, the British press had seized on comments the GOP contender made about London's preparations for the Olympics."
3512	Romney's Overseas Trip		Elections	2012-08-01	/story/romneys-overseas-trip	Was Romney's trip 'a great success' or gaffe-filled disaster? 	Romney's Overseas Trip Produces Hits and Misses	RomneyÃ¢â‚¬â„¢s trip a bumpy ride	http://www.washingtontimes.com/news/2012/jul/31/romney-touts-poland-economic-success-story/	Under mounting pressure to be more open on foreign policy issues, Mitt Romney tried to do just that during his six-day trip to visit three American allies Ã¢â‚¬â€ but repeatedly found himself having to backtrack on the things he said.	http://online.wsj.com/article/SB10000872396390444405804577560683492427396.html	"WARSAWâ€”With a speech lauding Poland as a ""defender of freedom,' Mitt Romney finished a trip abroad Tuesday that was long on symbolism but short on new policy, a combination that may have given his presidential campaign much of what it wanted despite some well-publicized stumbles."	http://www.cnn.com/2012/07/31/politics/romney-trip-success-disaster/index.html	"OPINION
Warsaw (CNN) -- In the estimation of Mitt Romney and his top campaign aides, there were no gaffes, no mistakes, no ill-advised statements on the Republican candidate's overseas trip."
3511	Biden Comment Controversy		Elections	2012-08-16	/story/biden-comment-controversy	Mission Impossible: Managing Joe Biden 	Campaign Trail: Biden's Comment About 'Chains' Sparks Controversy	Ryan takes on Obama campaign over Biden 'chains' remark 	http://www.foxnews.com/politics/2012/08/15/obama-defends-biden-on-chains-remark/	"Paul Ryan is taking on the Obama campaign directly over Vice President Biden's ""back in chains"" comment, calling them the mark of a ""desperate"" campaign as President Obama defends his running mate against bipartisan criticism."	http://www.npr.org/blogs/thetwo-way/2012/08/15/158822949/campaign-trail-bidens-comment-about-chains-sparks-controversy	"By telling a racially mixed audience in Virginia on Tuesday that the Republican ticket's economic plans would ""put y'all back in chains,"" Vice President Biden sparked the latest campaign controversy."	http://www.politico.com/news/stories/0812/79776.html	"The most emotionally powerful minute of Joe Bidens two-day swing through rural Virginia almost didnt happen.
Read more: "
3510	Romney Taxes		Elections	2012-08-17	/story/romney-taxes	Obama Campaign Wants Romney To Release 5 Years Of Tax Returns 	Romney Says He Paid A Tax Rate Of At Least 13 Percent 	Romney campaign doesn't bite on Obama tax return offer 	http://www.foxnews.com/politics/2012/08/17/obama-camp-offers-to-pull-back-on-tax-attacks-if-romney-releases-5-years/	The Obama campaign made an unusual offer to Mitt Romney Friday, pledging to refrain from criticizing his transparency on taxes if he agrees to release five more years of returns. The Romney campaign's response? Thanks, but no thanks.	http://www.npr.org/blogs/itsallpolitics/2012/08/16/158939890/romney-says-he-paid-a-tax-rate-of-at-least-13-percent	"Republican presidential candidate Mitt Romney on Thursday revealed a bit more about his tax history, telling reporters: ""I never paid less than 13 percent"" in the past 10 years.
The Obama campaign's response: ""Prove it."""	http://www.huffingtonpost.com/2012/08/17/obama-romney-tax-returns_n_1796291.html	With the spotlight back on Mitt Romney's tax returns, Obama campaign manager Jim Messina reached out to the Romney campaign on Friday pledging a deal: If Romney releases five more years of tax returns, the Obama campaign will no longer criticize the presumptive GOP presidential nominee for his refusal to disclose more information.
3509	Skinnydipping Congressman		US Congress	2012-08-20	/story/skinnydipping-congressman	Exclusive: FBI probed GOP trip with drinking, nudity in Israel 	Congressman Who Took Nude Dip In Sea Of Galilee Apologizes 	Account of overseas skinny-dipping fuels clarifications, accusations on Hill 	http://www.foxnews.com/politics/2012/08/20/report-on-overseas-skinny-dipping-fuels-clarifications-accusations-on-hill/	A bizarre report about Republican congressmen on a late-night swim last year in the Sea of Galilee -- including one who went skinny-dipping -- triggered a flurry of clarifications from Capitol Hill overnight and a round of accusations between two primary opponents.	http://www.npr.org/blogs/thetwo-way/2012/08/20/159329320/congressman-who-took-nude-dip-in-sea-of-galilee-apologizes	"Saying he apologizes for ""any embarrassment I have caused for my colleagues and constituents,"" Kansas Republican Rep. Kevin Yoder has confirmed a Politico report that he was the ""nude member of Congress"" who took a dip in the Sea of Galilee last year during a late-night escapade ""that involved drinking [and] numerous GOP freshmen lawmakers.""
According to Politico:"	http://www.politico.com/news/stories/0812/79865.html	The FBI probed a late-night swim in the Sea of Galilee that involved drinking, numerous GOP freshmen lawmakers, top leadership staff Ã¢â‚¬â€ and one nude member of Congress, according to more than a dozen sources, including eyewitnesses.
3508	Akin Stays In		Elections	2012-08-22	/story/akin-stays	Ignoring Deadline to Quit, G.O.P. Senate Candidate Defies His Party Leaders 	Update: Akin Vows Again To Stay In Missouri Senate Race	Rep. Akin stays in race as deadline passes, resists wall of GOP pressure	http://www.foxnews.com/politics/2012/08/21/rep-akin-stays-in-race-as-deadline-passes-resists-wall-gop-pressure/	Missouri Rep. Todd Akin resisted a united front of Republican Party pressure Tuesday to drop his Senate bid following controversial comments on rape, as Mitt Romney and other party power brokers isolated him amid concern he'd hurt Republicans' chances of winning control of the Senate.	http://www.npr.org/blogs/thetwo-way/2012/08/21/159501649/as-deadline-to-drop-out-nears-rep-akins-best-defender-is-his-opponent	"Saying that the positions he and others have taken against abortion will ""strengthen our country and it's going to strengthen the Republican Party,"" Missouri Rep. Todd Akin said just before 1:30 p.m. ET that he will not withdraw from his state's Senate race by a 6 p.m. ET deadline this evening."	http://www.nytimes.com/2012/08/22/us/politics/ignoring-calls-to-quit-akin-appeals-to-voters-in-ad.html	Representative Todd Akin on Tuesday ignored a deadline to abandon Missouris Senate race and vowed to remain the Republican nominee in defiance of his partys leaders, including the presidential standard-bearer, Mitt Romney.
3507	The Latest Presidential Polls		Elections	2012-08-22	/story/latest-presidential-polls	Obama and Mitt Romney Remain 'Neck and Neck' In Poll Posted: 08/22/2012 8:	Romney's Pick Of Ryan Hasn't Changed Race, Polls Signal Categories	Polls: Romney Surges in Florida and Nevada, Virtually Tied Nationally 	http://townhall.com/tipsheet/guybenson/2012/08/22/polls_romney_surges_in_florida_in_nevada_virtually_tied_nationally	The New York Times' Nate Silver spots a trend: Mitt Romney's polling fortunes have improved significantly in swing states in the last few weeks.  He's right.  Even in last night's generally poor NBC/WSJ poll (Obama's overall lead was 4 points in a D+6 sample), the battleground sub-sample had closed to within three points, down from eight in July.	http://www.npr.org/blogs/thetwo-way/2012/08/22/159728051/romneys-pick-of-ryan-hasnt-changed-race-polls-signal	Two new polls come to much the same conclusion about the 2012 presidential campaign.	http://www.huffingtonpost.com/2012/08/22/obama-mitt-romney-poll_n_1821088.html	"The race between President Barack Obama and Republican presidential candidate Mitt Romney ""remains neck and neck,"" according to an AP-GfK poll released Wednesday -- the outlets' first since Paul Ryan was added to the ticket."
3506	GOP Convention Preview		Elections	2012-08-26	/story/gop-convention-preview	Eight questions going into the Republican National Convention	Romney Reboot? Convention Could Be The Ticket	Obama to break recent precedent, will stump during RNC	http://www.washingtontimes.com/news/2012/aug/23/obama-breaks-precedent-will-stump-during-rnc/	Incumbent presidents usually lay low during their opponents nominating conventions, but not so with President Obama, who will wage an ambitious campaign next week to coincide with the Republican National Convention.	http://www.npr.org/2012/08/24/159998747/romney-reboot-convention-could-be-the-ticket	"Mitt Romney, 65, has spent the better part of a decade running for president. And as the son of a Michigan governor who headed a Detroit auto company, he's been in the public eye much longer.
Yet the former Massachusetts governor has remained an enigma to many voters, his political positions malleable, and much of his business and private life — including his Mormon religion — intentionally obscured."	http://www.washingtonpost.com/wp-srv/special/politics/8-questions-republican-convention/question1/index.html	Question 1: Is it possible for Mitt Romney to reintroduce himself after the attacks by President Obama's campaign?
3502	Ann Romney at Convention		Elections	2012-08-28	/story/ann-romney-convention	Stepping Out of a HusbandÃ¢â‚¬â„¢s Shadow, and Perhaps Overshadowing Him	Ann Romney Delivers: 'She May Have Privilege, But She Understands'	Ann Romney Dazzles in Tampa	http://townhall.com/tipsheet/katiepavlich/2012/08/28/ann_romney_dazzles_in_tampa	Who is Mitt Romney? If Americans didnt know who he was before, they know now. Tuesday night at the RNC convention in Tampa, Mrs. Ann Romney destroyed the stereotype of an out-of-touch Romney family. She entered the Tampa Bay Times forum to a roaring and standing crowd with many chanting, “We love you Ann!	http://www.npr.org/blogs/itsallpolitics/2012/08/29/160222145/ann-romney-delivers-she-may-have-privilege-but-she-understands	"A soft murmur of familiarity rippled through the packed GOP convention hall Tuesday night when Mitt Romney's wife, Ann, spoke not of their ""storybook marriage"" but of one touched by cancer, multiple sclerosis and the trials of raising five sometimes screaming children.
""A storybook marriage? Not at all,"" she said, during her much anticipated prime-time speech. ""What Mitt Romney and I have is a real marriage."""	http://www.nytimes.com/2012/08/29/us/politics/a-revved-up-ann-romney-at-republican-convention-tv-watch.html	She may be too good. Ann Romney is so gifted at politics, she may actually make her husband look a little bad. Their personality gap Ã¢â‚¬â€ her ease, his discomfort Ã¢â‚¬â€ has been evident in most of the many joint interviews they have given television reporters.
3505	Ann Romney to Speak		Elections	2012-08-28	/story/ann-romney-speak	Ann Romney's RNC task: Humanize Mitt	Ann Romney, Gov. Christie & The Roll Call: Today's Convention Highlights	Ã¢â‚¬ËœMittigatorÃ¢â‚¬â„¢ to make case for Romney	http://www.washingtontimes.com/news/2012/aug/27/mittigator-to-make-case-for-romney/	She is a gracious warrior with a kind face, a polished demeanor and the inner mettle of a survivor. Ann Romney has been called the secret weapon of her husbands campaign, and he adores her: When Mitt Romney strides to the podium to introduce his wife of 43 years, he calls her “sweetheart.	http://www.npr.org/blogs/itsallpolitics/2012/08/28/160158442/ann-romney-gov-christie-the-roll-call-todays-convention-highlights	Good morning from Tampa where the Isaac-delayed Republican National Convention is set to get going for real this afternoon.	http://www.politico.com/news/stories/0812/80221.html	Ann Romney will take to the podium here Tuesday night and try to accomplish what the sharpest minds in Republican politics have failed to do: present her stiff and awkward husband as a likable guy.
3503	Gov Christie Keynote		Elections	2012-08-28	/story/gov-christie-keynote	In Keynote Speech, Christie Asks Country to Face Hard Truths	Transcript: Gov. Chris Christie's Convention Speech	Christie rallies GOP in convention keynote with tough-love 'truth-telling' message	http://www.foxnews.com/politics/2012/08/28/christie-rallies-gop-in-keynote-speech-emphasizes-respect-over-desire-to-be/	Chris Christie brought the tough love, the swagger, the fight -- and even the Boss -- to Tampa Tuesday night.	http://www.npr.org/2012/08/28/160213518/transcript-gov-chris-christies-convention-speech	This stage and this moment are very improbable for me. A New Jersey Republican delivering the keynote address to our national convention, from a state with 700,000 more Democrats than Republicans. A New Jersey Republican stands before you tonight. Proud of my party, proud of my state and proud of my country.	http://thecaucus.blogs.nytimes.com/2012/08/28/in-keynote-speech-christie-asks-country-to-face-hard-truths/	Chris Christie, the sharp-tongued governor of New Jersey, on Tuesday extolled Mitt Romney as an exceptional leader willing to speak hard truths to a nation weary of President ObamaÃ¢â‚¬Ëœs policies and ready to make a much-needed change.
3504	Priebus Matthews Conflict		Elections	2012-08-28	/story/priebus-matthews-conflict	Chris Matthews defends attack on Priebus: GOP 'dividing country along racial lines'	In Tense Confrontation, Chris Matthews, RNC Chair Priebus Debate 'Race Card'	RNC's Priebus hits back at MSNBC's Matthews - 'He wants to be the biggest jerk in the room'	http://www.washingtontimes.com/blog/watercooler/2012/aug/27/picket-rncs-priebus-hits-back-msnbcs-matthews-he-w/	"OPINION
Republican National Committee Chairman Reince Priebus was not impressed with MSNBC's Chris Matthew's shot at the GOP who said on his Monday evening program, when discussing Mitt Romney's sarcastic reference to President Obama's birth certificate recently:
Read more: PICKET: RNC's Priebus hits back at MSNBC's Matthews -..."	http://www.npr.org/blogs/thetwo-way/2012/08/27/160111806/in-tense-confrontation-chris-matthews-rnc-chair-priebus-debate-race-card	"This morning on MSNBC's Morning Joe, there was a tense confrontation between Chris Matthews and the Republican National Committee Chairman Reince Priebus.
Well, perhaps calling it a confrontation might imply two were involved when for most part, it was Matthews dumping on Priebus, whose party he accused of playing the ""race card."""	http://www.politico.com/blogs/media/2012/08/chris-matthews-defends-attack-on-priebus-says-republican-133422.html	"AMPA, Fla. -- In an emotional interview with POLITICO tonight, MSNBC host Chris Matthews defended his spirited attack against RNC Chairman Reince Priebus, in which he alleged that the Republican party was guilty of playing the race card against President Barack Obama.
""It is obvious that this is something I care passionately about: race was abused by white politicians in my lifetime, including Reagan. For someone to come on the program and deny that this is part of their process, I couldn't take that,"" Matthews said. ""This is something I..."
3501	Paul Ryan at RNC		Elections	2012-08-29	/story/paul-ryan-rnc	Paul Ryan's Debt Talk Contradicts His Entire Career 	Words, Good And Bad, Come Quickly To Mind For Many About Paul Ryan	Ryan on tap to deliver 'hard truths' in VP nomination speech 	http://www.foxnews.com/politics/2012/08/29/ryan-on-tap-to-deliver-hard-truths-in-vp-nomination-speech/	"The Wisconsin congressman has been quietly preparing his speech for days. Members of Ryan's staff contacted by Fox News earlier this week said they couldn't say precisely how long it would be, but that he has ""teased"" some of the ideas in it before."	http://www.npr.org/blogs/itsallpolitics/2012/08/29/160231411/words-good-and-bad-come-quickly-to-mind-for-many-about-paul-ryan	Young — he's 42 — and a favorite of the conservative right, Ryan brought energy and attention to Mitt Romney's ticket, and could help him play better in the key Badger State in November. Tonight, he's set to accept his party's vice presidential nomination.	http://www.huffingtonpost.com/ari-melber/paul-ryans-debt-talk-cont_b_1838969.html	"Paul Ryan gives the first major national address of his career at the RNC on Wednesday night, and he will have to do more than ""introduce"" himself. He needs to rebrand himself."
3499	Media Injects Race		Media Bias	2012-08-30	/story/media-injects-race	The race canard	Yahoo Fires Bureau Chief For Romney/blacks Remark	The MSM's Hyper-Racial RNC Coverage	http://townhall.com/tipsheet/guybenson/2012/08/29/the_msms_hyperracial_rnc_coverage	You're already aware that MSNBC -- America's self-appointed racist dog whistle truth squad -- oddly chose not to air numerous speeches delivered by racial minorities at last night's Republican convention. They have a narrative to protect, and all that. But the Left-wing cable news channel isn't the only outlet following Chris Matthews down the path of unhinged and shameless race-baiting.	http://www.npr.org/templates/story/story.php	"Yahoo News fired its Washington bureau chief on Wednesday, less than 24 hours after he was caught on an open microphone saying that Mitt Romney and his wife, at the GOP convention in Florida while a hurricane was approaching Louisiana, were ""happy to have a party with black people drowning."""	http://www.politico.com/news/stories/0812/80430.html	"OPINION
Silly season is over. Racist season is here. Silly season is when nothing is going on in the presidential campaign and the debate focuses on trivialities. Racist season is when the presidential campaign begins in earnest and President Barack Obama looks vulnerable. Then, liberal commentators pull out all the stops to deem practically any criticism of the president racist."
3500	Who is Paul Ryan?		Elections	2012-08-30	/story/who-paul-ryan	Why the GOP is winning the battle over Paul Ryan	Wikipedia: Paul Ryan	Who Is Paul Ryan?	http://www.realclearpolitics.com/articles/2012/08/22/who_is_paul_ryan_115174.html	"OPINION
I wanted to like Paul Ryan. Before he was nationally known, Rep. Ryan visited me at ABC, and we went to lunch. He was terrific. He was a rare politician, one who actually cared about America's coming debt crisis and the unfairness of entitlements. He even talked about F.A. Hayek's ""The Road to Serfdom""! If only more politicians thought that way."	http://en.wikipedia.org/wiki/Paul_Ryan	Paul Davis Ryan (born January 29, 1970) is the United States Representative for Wisconsin's 1st congressional district and the nominee of the Republican Party for Vice President of the United States in the 2012 election. Born and raised in Janesville, Wisconsin, Ryan is a graduate of Miami University in Ohio. He worked as an aide to legislators Bob Kasten, Sam Brownback, and Jack Kemp, and as a speechwriter before winning election to the U.S. House in 1998. He is currently the chairman of the House Budget Committee.	http://www.washingtonpost.com/blogs/the-fix/wp/2012/08/29/why-the-gop-is-winning-the-battle-over-paul-ryan/	Say what you want about Paul Ryans politics; even Democrats in Congress struggle to find a negative word to say about him.
3498	Romney Acceptance Speech		Elections	2012-08-31	/story/romney-acceptance-speech	Romney Vows to Deliver Country From Economic Travails	Romney Makes His Own Case For Change	Romney accepts nomination, says 'now is the time to restore the promise of America'	http://www.foxnews.com/politics/2012/08/30/romney-accepts-gop-presidential-nomination/	Mitt Romney reintroduced himself to the country Thursday night in Tampa, delivering a deeply personal nomination acceptance address that balanced pledges to fix the economy and critiques of President Obama with stories about his own life and where he comes from.	http://www.npr.org/blogs/itsallpolitics/2012/08/30/160358395/romney-makes-his-own-case-for-change	Turns out Romney's moment Thursday night was a fine one, if not a great one. His speech continued the campaign's concerted effort to reach out to skeptical female voters, reminding the audience that his strong mother ran for Senate.	http://www.nytimes.com/2012/08/31/us/politics/romney-vows-to-deliver-country-from-economic-travails.html	Mitt Romney accepted the Republican presidential nomination on Thursday by making a direct appeal to Americans who were captivated by President Obamas hopeful promises of change, pledging that he could deliver what the president did not and move the country from its worst economic downturn since the Great Depression.
3497	GOP Convention Bounce		Elections	2012-09-01	/story/gop-convention-bounce	Sept. 1: RomneyÃ¢â‚¬â„¢s Convention Bounce Appears Middling So Far	A Fine Night For Romney, But No Game Change	Romney 47% Obama 44%	http://townhall.com/tipsheet/heatherginsberg/2012/09/01/romney_47_obama_44	Following last weeks GOP Convention, Mitt Romney has seen a bump in his polling numbers. Just one day after the convention ended, Rasmussen found that Governor Romney now leads President Obama. Romney now garners 47% of the vote compared to Obamas 44%. This is an expected modest bounce, but there could be an even larger bounce because of much of this data was collected before Romneys speech on Thursday night.	http://www.npr.org/blogs/itsallpolitics/2012/08/30/160358395/romney-makes-his-own-case-for-change	"It's been the political world's obsession for weeks leading into the Republican National Convention in Tampa. Would nominee Mitt Romney manage what would be miraculous for any candidate, and in a handful of days and one big speech wash away the problems of a modern candidacy?
Turns out Romney's moment Thursday night was a fine one, if not a great one."	http://fivethirtyeight.blogs.nytimes.com/2012/09/01/sept-1-romneys-convention-bounce-appears-middling-so-far/	"OPINION
The Republican National Convention in Tampa, Fla. received mediocre television ratings Ã¢â‚¬â€ and the polling data so far suggests that it may produce only a modest bounce in the polls for Mitt Romney."
3496	Post Convention Polls		Elections	2012-09-04	/story/post-convention-polls	CNN poll: Romney gains one point after GOP convention	Gallup: No convention bounce for Romney	Romney's Convention Bounce	http://townhall.com/tipsheet/guybenson/2012/09/03/romneys_convention_bounce	Did the Republican National Convention give Mitt Romney a poll bounce? Yes, it seems, but a small one. Before things kicked off in Tampa, Joel Pollak warned Romney supporters not to expect much of a post-convention bump. His admonition has been partially vindicated. Liberal electoral stats maven Nate Silver says evidence of a lasting poll surge is scant, but that assessment depends on what survey you're looking at. Gallup's weekend numbers showed Obama's job approval dropping and his disapproval on the rise, but the overall race remains deadlocked. Reuters' tracker...	http://content.usatoday.com/communities/theoval/post/2012/09/gallup-no-convention-bounce-for-romney/1	"HARLOTTE -- It doesn't look like Mitt Romney's poll position improved after last week's Republican national convention.
Recent daily tracking poll averages nationwide put President Obama at 47% and Romney at 46%, according to Gallup.
""We have been monitoring the"	http://politicalticker.blogs.cnn.com/2012/09/04/cnn-poll-did-romney-get-a-convention-bounce/	"- It's the question everyone's asking: Did Mitt Romney get a bounce out of last week's Republican National Convention in Tampa, Florida?
According to a new national poll released Tuesday, just before the start of the Democratic convention, the GOP presidential nominee appears to have received a one-point convention bounce, normal for the modern political era."
3495	Clinton at DNC		Elections	2012-09-05	/story/clinton-dnc	Clinton Delivers Stirring Plea for Obama Second Term	Transcript: Bill Clinton's Convention Speech	Clinton returns to back Obama at DNC	http://www.washingtontimes.com/news/2012/sep/5/clinton-returns-back-obama-dnc/	Democrats rushed to clean up a party platform mess Wednesday and moved to officially re-nominate President Obama for a second term in office as his predecessor, former President Bill Clinton, said voters this year must choose between Republicans “winner-take-all vision of success and his own partys “shared prosperity.	http://www.npr.org/2012/09/05/160643183/transcript-bill-clintons-convention-speech	We're here to nominate a President, and I've got one in mind. I want to nominate a man whose own life has known its fair share of adversity and uncertainty.	http://www.nytimes.com/2012/09/06/us/politics/clinton-delivers-stirring-plea-for-obama-second-term.html	Former President Bill Clinton and President Obama hugged on stage Wednesday night after Mr. Clinton delivered an impassioned plea on behalf of Mr. Obamas re-election, the 42nd president nominating the 44th to a second term with a forceful and spirited argument that Democratic values would restore the promise of the middle class.
3493	Differing Opinions on Clinton		Elections	2012-09-06	/story/differing-opinions-clinton	Bill Clinton's Stunning Jobs Claim At DNC Actually True 	Clinton And Other Dems Did Some Cherry-Picking, Fact Checkers Say	HURT: Six things Clinton said at the DNC that undermined Obama 	http://www.washingtontimes.com/news/2012/sep/6/hurt-six-things-clinton-did-undermine-obama-dnc/	"Bill Clintons typically epic speech last night was certainly the most detailed, calculated and complete attack on the Republican agenda that we have heard during the entire campaign. It was also the most unreserved and embracing defense of President Obama.
Read..."	http://www.npr.org/blogs/itsallpolitics/2012/09/06/160656546/clinton-and-other-dems-did-some-cherry-picking-fact-checkers-say	"Good morning.
Just as they did during the Republican National Convention, independent fact checkers are watching and listening to what's said at the Democratic National Convention. While they aren't yet slamming the Democrats for fudging their facts, they are finding some claims that don't add up or are misleading, both Tuesday night and again on Wednesday:
— ""When former President Bill Clinton took the stage at the Democratic National Convention on Wednesday, he portrayed President Barack Obama as a pragmatic compromiser who has been stymied at every turn by Republicans,""..."	http://www.huffingtonpost.com/2012/09/06/bill-clinton-job-creation_n_1861071.html	"Former U.S. President Bill Clinton highlighted a stunning fact during his speech at the Democratic National Convention on Wednesday: Democratic presidents have overseen the creation of nearly twice as many jobs as Republican presidents since 1961.
""What's the job score? Republicans, 24 million; Democrats, 42 [million],"" Clinton said to cheers and applause."
3494	DNC Night #3 Preview		Elections	2012-09-06	/story/dnc-night-3-preview	Democratic National Convention 2012: September 6 In Charlotte (LIVE UPDATES) 	In High-Stakes Speech, Obama Seeks To Shift The Argument Forward	Obama campaign: 'Tonight is not about magic' 	http://www.foxnews.com/politics/2012/09/06/obama-campaign-tonight-is-not-about-magic/	"President Obama will trade the ""magic"" of his 2008 campaign rhetoric for a ""pragmatic"" pitch for how he plans to restore economic security to America in his nomination address Thursday night, campaign officials said."	http://www.npr.org/blogs/itsallpolitics/2012/09/06/160669132/in-high-stakes-speech-obama-seeks-to-shift-the-argument-forward	"President Obama won't be giving the speech he might wish tonight.
All presidents accepting their party's re-nomination seek to shift from a message of hope and change to one of progress and accomplishment. Although Obama will certainly talk up the highlights of his term, he won't want to sound triumphant — not with a jobs report due tomorrow that's expected to show a 43rd straight month of U.S. unemployment above 8 percent.
""In an acceptance situation, you want to paint a bright picture of all the wonderful things that have..."	http://www.huffingtonpost.com/2012/09/06/democratic-national-convention-2012_n_1848873.html	"Former president Bill Clinton brought the house down on Wednesday night at the Democratic National Convention, and now all eyes turn to Barack Obama.
The president joined Clinton on stage following his remarks. At the Time Warner Cable Arena in Charlotte, N.C. on Thursday, Obama will deliver his own speech and accept his party's nomination."
3492	Election Update		Elections	2012-09-09	/story/election-update	State of the race: Advantage, Obama	For Both Parties, Spanglish Is The Unofficial Convention Language 	Why Obama Will Have Trouble Closing the Deal 	http://townhall.com/tipsheet/CarolPlattLiebau/2012/09/09/leftwing_psy_ops	As the campaign settles in for the home stretch, there are many reasons to believe that the Obama campaign will have trouble closing the deal.	http://www.npr.org/blogs/itsallpolitics/2012/09/09/160640798/for-both-parties-spanglish-is-the-unofficial-convention-language	If you grew up in a bilingual Hispanic household, listening to the Democratic and Republican conventions may have sounded a lot like home.	http://www.politico.com/news/stories/0912/80949.html	President Barack Obama heads out of the national political conventions with a much clearer path to winning, top advisers to Mitt Romney privately concede.
3491	Obama Post DNC Bump		Elections	2012-09-10	/story/obama-post-dnc-bump	Obama Convention Bounce Confirmed In Latest Tracking Polls	Obama Got The Convention Bounce, As Well As Bad Economic Numbers	Confirmed: Despite Recycled DNC Speech, Obama Gets Poll Bounce	http://townhall.com/tipsheet/guybenson/2012/09/10/confirmed_despite_recycled_dnc_speech_obama_gets_poll_bounce	At least the man is consistent.  From failed jobs programs to major speeches, he's always inclined to go green.  The Republican National Committee has produced a new video comparing Obama's acceptance speech in Charlotte to the rhetoric he employed on the campaign trail in 2008.  Similarities abound:	http://www.npr.org/blogs/politicaljunkie/2012/09/10/160766477/obama-got-the-convention-bounce-as-well-as-bad-economic-numbers	"The Democrats were no sooner out of Charlotte when the bad economic news came.
A more disappointing job report than had been forecast. Economic numbers weaker than expected. Just 96,000 jobs were created in August, far fewer than what economists were anticipating. And even a lower unemployment rate Ã¢â‚¬â€ down to 8.1 percent from 8.3 Ã¢â‚¬â€ was explained as that more people had simply stopped looking for work. The hope of four years ago is quickly becoming a fading memory, especially for those whose lives have not seen the change..."	http://www.huffingtonpost.com/2012/09/10/obama-convention-bounce_n_1870087.html	"Daily tracking polls published over the weekend show President Barack Obama enjoying a modest boost in support following the Democratic party convention, though how long that polling ""bounce"" will last remains uncertain.
The latest results from two daily telephone tracking surveys conducted by Gallup and Rasmussen Reports show a very similar pattern. Both had found a roughly even race on interviews conducted in the month of August before the conventions, and both now show Obama leading Republican nominee Mitt Romney by similar margins (5 and 4 percentage points, respectively)."
3490	New Healthcare Study		Healthcare	2012-09-11	/story/new-healthcare-study	More Young Adults Have Insurance After Health Care Law, Study Says	Insurance Costs Rise, But More Slowly	Premiums for family health plans hit $15,745 	http://www.washingtontimes.com/news/2012/sep/11/premiums-family-health-plans-hit-15745/	It sounds like good news: Annual premiums for job-based family health plans went up only 4 percent this year.	http://www.npr.org/blogs/health/2012/09/11/160955055/insurance-costs-rise-but-more-slowly	"you get health insurance on the job, chances are it cost more again this year.
Annual family health insurance premiums rose about 4 percent to $15,745 in 2012, according to the latest survey by the Kaiser Family Foundation and Health Research and Educational Trust.
Now that's a fairly modest increase by historical standards, and well down from last year's 9 percent. Still, it's more than double the 1.7 percent increase in average wages and way above the 2.3 percent rate of general inflation this year."	http://www.nytimes.com/2012/09/10/health/policy/more-young-adults-have-health-insurance-study-says.html	The share of young adults without health insurance fell by one-sixth in 2011 from the previous year, the largest annual decline for any age group since the Centers for Disease Control and Prevention began collecting the data in 1997, according to a new report released on Monday.
3489	Turmoil Spreads to Yemen		Middle East	2012-09-13	/story/turmoil-spreads-yemen	Turmoil Over Film Spreads to U.S. Embassy in Yemen	Protesters Storm U.S. Embassy Compound In Yemen	U.S. Embassy in Yemen Stormed, U.S. Flag Burned and Replaced	http://townhall.com/tipsheet/katiepavlich/2012/09/13/us_embassy_in_yemem_stormed_us_flag_burned_and_replaced	The Middle East is burning. The U.S. Embassy in Yemen has been stormed as angry Muslims continue to show their outrage over a film depicting their profit Muhammad in a negative light.	http://www.npr.org/2012/09/13/161048997/protesters-storm-u-s-embassy-in-yemen	"Chanting ""death to America,"" hundreds of protesters angered by an anti-Islam film stormed the U.S. Embassy compound in Yemen's capital and burned the American flag on Thursday, the latest in a series of attacks on American diplomatic missions in the Middle East."	http://www.nytimes.com/2012/09/14/world/middleeast/mideast-turmoil-spreads-to-us-embassy-in-yemen.html	Protesters angered by an anti-Islam film tried to storm the American embassy in Sana, the Yemeni capital, on Thursday, two days after assailants killed the United States ambassador to Libya.
3488	Romney Libya Comments		Elections	2012-09-13	/story/romney-libya-comments	TRENDING: Romney's political pretzel over Libya	Romney Gets Heat From Some Republicans	Whoa: Press Caught Conspiring to Ask Romney Certain Questions	http://townhall.com/tipsheet/katehicks/2012/09/12/whoa_press_caught_conspiring_to_ask_romney_certain_questions	It's no secret that the media is often overtly in President Obama's corner, but it's still a little shocking to come across evidence of their efforts to make the Right look bad. Case in point: this clip that The Right Scoop found, which appears to feature reporters coordinating their efforts to trip up Mitt Romney during his press conference, after giving a statement on the violence in Libya. The transcript:	http://blogs.wsj.com/washwire/2012/09/12/romney-gets-heat-from-some-republicans/	Republican presidential hopeful Mitt Romney comes in for daily bashing from Democrats, but on Wednesday, he took heat from some Republicans as well.	http://politicalticker.blogs.cnn.com/2012/09/12/romneys-political-pretzel-over-libya/	"A timeline of the events suggests Romney was wrong in his accusation that the Obama administration's ""first response"" on Tuesday was one of sympathy for those who started the violence itself–as the violence came after the first statement was published."
3487	Candidates on Foreign Policy		Elections	2012-09-13	/story/candidates-foreign-policy	Romney team sharpens attack on ObamaÃ¢â‚¬â„¢s foreign policy 	Romney Tempers Foreign Policy Criticism After Flap Over Libya Remarks	ObamaÃ¢â‚¬â„¢s Ã¢â‚¬Ëœtested and provenÃ¢â‚¬â„¢ foreign-policy claim put to test 	http://www.washingtontimes.com/news/2012/sep/13/obama-tested-proven-foreign-policy-claim-put-test/	In accepting his party’s renomination a week ago, President Obama called himself a “tested and proven” leader in a dangerous world of threats from abroad, especially from the terrorist-spawning Middle East.	http://www.npr.org/blogs/itsallpolitics/2012/09/13/161089303/romney-reframes-foreign-policy-pitch-after-flap-over-libya-remarks	"Appearing in Virginia on Thursday, Republican Mitt Romney tried to bring his campaign back to the issues he has focused on before in the swing state: the nation's economy and strengthening the military.
A day after Romney ignited a debate over his criticism of President Obama's handling of events in Libya and Egypt, the Republican presidential nominee largely steered clear of discussing unrest in Egypt and the attack on an American consulate in Benghazi, Libya, that left four Americans dead.
The violence, sparked by an anti-Islam film, on Thursday spread..."	http://www.washingtonpost.com/politics/decision2012/romney-team-sharpens-attack-on-obamas-foreign-policy/2012/09/13/9b3f2744-fdd3-11e1-b153-218509a954e1_story.html	"Advisers to Mitt Romney on Thursday defended his sharp criticism of President Obama and said that the deadly protests sweeping the Middle East would not have happened if the Republican nominee were president.
“Theres a pretty compelling story that if you had a President Romney, youd be in a different situation, Richard Williamson, a top Romney foreign policy adviser, said in an interview. “For the first time since Jimmy Carter, weve had an American ambassador assassinated."
3486	Swing State Polls		Elections	2012-09-14	/story/swing-state-polls	Battleground polls: Is Romney's path to the White House now more difficult?	Obama Holds Lead in Three Key States	NBC Swing State Polls: It's All Over, So Just Give Up	http://townhall.com/tipsheet/guybenson/2012/09/14/nbc_polls_its_all_over_so_just_give_up	Not so fast, cautions Allahpundit: According to RCPs averages, in fact, hes up by just 1.3 points in Florida and 0.4 points in Virginia, and those numbers incorporate his gaudy leads in this WSJ/NBC poll. Even more reason not to panic: This poll was conducted from Sept. 9-11, when Obama still had a bit of a convention bounce.	http://online.wsj.com/article/SB10000872396390444433504577649850398690734.html	With few voters still on the fence, President Barack Obama holds leads over Mitt Romney in new polls of Ohio, Florida and Virginia, three of the states likely to determine who wins the White House in November.	http://www.cnn.com/2012/09/14/politics/battleground-polls/index.html	One week past the conventions, a flood of polls have been released in crucial battleground states in the race for the White House. And some of them paint a picture that looks more favorable to President Barack Obama than to Republican nominee Mitt Romney.
3485	Ryan Comments on Foreign Policy		Elections	2012-09-15	/story/ryan-comments-foreign-policy	Paul Ryan Hits Obama on National Security: Ã¢â‚¬ËœIf We Project Weakness, They ComeÃ¢â‚¬â„¢	Ryan Criticizes Obama on Foreign Policy	"Ryan to values voters: ""American foreign policy needs moral clarity"""	http://politics.blogs.foxnews.com/2012/09/14/ryan-values-voters-american-foreign-policy-needs-moral-clarity	"""Look across that region today, and what do we see? The slaughter of brave dissidents in Syria. Mobs storming American embassies and consulates. Iran four years closer to gaining a nuclear weapon. Israel, our best ally in the region, treated with indifference bordering on contempt by the Obama administration,"" Ryan decried during his address at the 'Values Voter Summit' in Washington Friday morning."	http://blogs.wsj.com/washwire/2012/09/14/ryan-criticizes-obama-on-foreign-policy/	Rep. Paul Ryan accused President Barack Obama of emboldening Iran and those storming U.S. embassies abroad while curtailing individual freedoms at home, during a speech here to a gathering of religious conservatives.	http://abcnews.go.com/blogs/politics/2012/09/paul-ryan-hits-obama-on-national-security-if-we-project-weakness-they-come/	Paul Ryan ratcheted up his criticism of President Obama on the issue of national security at a rally in this crucial battleground state, telling the crowd: “If we project weakness, they come and if the nation is “strong our enemies “will not test us.
3484	Next up: Debates		Elections	2012-09-16	/story/next-debates	Obama, Romney Cram Ahead Of Presidential Debates 	Presidential Debates Can Be Great Theater, But How Much Do They Matter?	Romney Has a Chance to Surprise at Debates	http://on.wsj.com/QTsUzF	Columnist Peggy Noonan on why the presidential debates could offer Mitt Romney the chance to surprise voters. Also, is President Obama getting too much blame for the poor economy?	http://www.npr.org/blogs/itsallpolitics/2012/09/16/161139332/presidential-debates-can-be-great-theater-but-how-much-do-they-matter	Even before the final balloons fell on the Republican and Democratic conventions, pundits were talking up the next big American political viewing experience Ã¢â‚¬â€ the presidential debates.	http://www.huffingtonpost.com/2012/09/16/presidential-debates-2012_n_1888382.html	On long flights to swing states in the West and late nights at the White House after his children have gone to bed, President Barack Obama is cramming like a student for a test that could determine his political future.
3483	Reaction to Romney Video		Elections	2012-09-18	/story/reaction-romney-video	Mitt Romney's 47 Percent Remarks: Wrong on the Facts, Not Just the Rhetoric	Romney's Wrong And Right About The '47 Percent'	With Video Leak, Romney Goes Back to Bold Approach 	http://www.foxnews.com/politics/2012/09/18/with-video-leak-romney-goes-back-to-bold-approach/	"Political pundits are comparing the leaked video of Mitt Romney at a fundraiser writing off the 47 percent of the electorate who don’t pay federal income taxes to the leaked 2008 fundraiser video of then-Sen. Barack Obama blaming his problems in the Pennsylvania Democratic Primary on bitter voters who “cling to guns or religion or antipathy to people who aren't like them.”
Read more: "	http://www.npr.org/blogs/thetwo-way/2012/09/18/161333783/romneys-wrong-and-right-about-the-47-percent	"Republican presidential nominee Mitt Romney told supporters that ""there are 47 percent of the people who will vote for the president no matter what"" because they are ""dependent upon government ... believe that they are victims ... believe the government has a responsibility to care for them ... these are people pay no income tax."""	http://www.huffingtonpost.com/jeff-madrick/mitt-romneys-47-remarks-w_b_1894433.html	"OPINION
Mitt Romney's ""off-the-cuff"" remarks that nearly half of Americans are ""dependent"" on government and believe they are ""victims"" who are ""entitled to health care, to food, to housing, to-you-name-it,""  were widely publicized. This is in fact old saw for a certain kind of anti-government conservative. I have given talks deep in conservative territory where courteous memebers of the audience would come up to me afterwards and say they agree we should pay taxes for infrastructure but not for giveaways ""to those people."""
3482	Romney Releases Tax Details		Elections	2012-09-21	/story/romney-releases-tax-details	Why Mitt Romney released his 2011 tax returns today	The Candidates And Their Taxes	Democrats, Media Get Punk'd: Romney Releases Tax Returns	http://townhall.com/tipsheet/GuyBenson/2012/09/21/democrats_media_get_punkd_romney_releases_tax_returns	In short, and as Kevin noted, Romney forked over nearly $2 million to Uncle Sam last year and donated more than $4 million to charity.	http://www.npr.org/2012/09/21/159346466/the-candidates-and-their-taxes	Two years of tax returns are now available for inspection for both GOP presidential candidate Mitt Romney and running mate Paul Ryan (although Romney's 2011 return is still preliminary), as well as a full 12 years for both President Obama and Vice President Joe Biden. Here's a side-by-side look at 2010 and 2011 returns for the candidates.	http://www.washingtonpost.com/blogs/the-fix/wp/2012/09/21/why-mitt-romney-released-his-2011-tax-returns-today/	As we have noted before, Romneys financial life as a very wealthy person is significantly more exotic than the average person he needs to vote for him; that he made almost $14 million in 2011 (and $21 million in 2010) without drawing any salary is all the confirmation you need of that fact.
3481	Congress Leaves Washington		US Congress	2012-09-22	/story/congress-leaves-washington	Obama targets departing lawmakers	 Congress Heads Out After Approving Funding Bill	Obama accuses Congress of ducking elected duties, amid criticism he's doing likewise at the UN	http://www.foxnews.com/politics/2012/09/22/obama-accused-hill-lawmakers-ducking-elected-duties-amid-criticism-doing/	President Obama on Saturday accused Capitol Hill lawmakers of leaving behind both Washington and unfinished legislative business until after November because they are more concerned about their re-election campaigns, amid criticism he is side-stepping key United Nations meetings next week to hit the campaign trail.	http://www.npr.org/2012/09/22/161598126/congress-heads-out-after-approving-funding-bill	The most partisan, least productive Congress in memory has skipped out of Washington for the campaign trail.	http://www.politico.com/news/stories/0912/81545.html	“Their work isnt finished, Obama said in his weekly address released Saturday. But, “last week, without much fanfare, members of the House of Representatives banged a gavel, turned out the lights and rushed home, declaring their work finished for now.
3480	Dueling Interviews on 60 Minutes		Elections	2012-09-24	/story/dueling-interviews-60-minutes	Mitt Romney Defends Tax Rate In '60 Minutes' Interview 	Debate Preview: Obama And Romney Shadow Box On '60 Minutes'	Obama admits some ads go 'overboard'; Romney defends campaign in dueling interviews	http://www.foxnews.com/politics/2012/09/24/obama-admits-some-ads-go-overboard-laments-tone-in-washington/	"In a set of dueling interviews aired Sunday night, President Obama conceded his ""biggest disappointment"" is that he hasn't significantly changed the tone in Washington since taking office -- and acknowledged sometimes his campaign ads go ""overboard"" and contain ""mistakes."""	http://www.npr.org/blogs/thetwo-way/2012/09/24/161675664/debate-preview-obama-and-romney-shadow-box-on-60-minutes	"The first official presidential debate isn't until Oct. 3 in Denver. But as The New York Times writes, last night on CBS News' 60 Minutes there was something of a ""shadow debate that offered a likely preview of the tone and substance"" of what will happen on stage next week."	http://www.huffingtonpost.com/2012/09/23/mitt-romney-tax-rate_n_1908112.html	Republican presidential nominee Mitt Romney defended paying an effective tax rate of 14.1 percent on Sunday, following the release of his 2011 tax returns and ensuing backlash from critics who pounced on his relatively low tax rate.
3479	Obama UN Speech		Foreign Policy	2012-09-25	/story/obama-un-speech	In U.N. Speech, Obama Warns Time Runs Short on Iran	Obama: Those Like Slain U.S. Ambassador Must Determine World's Future	At U.N., Obama downplays terrorism in Libya attack 	http://www.washingtontimes.com/news/2012/sep/25/obama-us-will-stop-iran-developing-nukes/	YORK Ã¢â‚¬â€ Speaking at the opening of the United Nations General Assembly Tuesday, President Obama portrayed the deaths of four Americans in Libya as a result of inflamed tensions over an anti-Islam movie produced in the U.S., rather than a terrorist attack.	http://www.npr.org/blogs/thetwo-way/2012/09/25/161739302/obama-chris-stevens-and-those-like-him-must-determine-worlds-future	"Using the example set by the life of slain U.S. Ambassador to Libya Chris Stevens, President Obama this morning told delegates to the United Nations that the diplomat's killers will not determine the world's future. Instead, Obama said, it will be people such as Stevens who build ""bridges across oceans and cultures"" and set the world's agenda.
We updated as the president spoke. Scroll down to read through the highlights."	http://www.nytimes.com/2012/09/26/world/obamas-address-to-united-nations.html	UNITED NATIONS Ã¢â‚¬â€ President Obama challenged the Arab world to use its newfound embrace of democracy to ensure protection for freedom of religion and speech and even life, using the last address of his first term to the General Assembly on Tuesday to call for a renewed focus on the “painstaking work of reform.
3478	Campaign Advertising		Elections	2012-09-26	/story/campaign-advertising	With more control over campaign cash, Obama gets more discounts on advertising	New Obama And Romney Ads Are Linked By Guilt 	Romney to Camera in New Ad: Let's Talk About The Economy	http://townhall.com/tipsheet/guybenson/2012/09/26/romney_to_camera_in_new_ad_lets_talk_about_the_economy	"Some conservatives will bristle at Romney's assertion that ""both President Obama and I care about poor and middle class families.""  Democrats rarely afford Republicans this benefit of the doubt."	http://www.npr.org/blogs/itsallpolitics/2012/09/26/161841920/new-obama-and-romney-ads-are-linked-by-guilt	Two ads released Wednesday by the campaigns of President Obama and Republican presidential nominee Mitt Romney are worth noting because of how they illustrate the very different challenges now facing the two candidates.	http://www.washingtonpost.com/politics/decision2012/obama-has-more-control-of-campaign-cash-and-with-it-an-edge-in-ad-rates/2012/09/26/c85304ea-03f9-11e2-91e7-2962c74e7738_story.html	As the presidential campaigns step up the pace of their multimillion-dollar spending sprees, President Obama has a little-noticed strategic advantage that gives him more control over the money he has raised.
3477	Early Voting Begins		Elections	2012-09-28	/story/early-voting-begins	September, November: 40 Precious Days to Spend on Early Vote	Iowa Voters Who Are Ã¢â‚¬â€ Literally Ã¢â‚¬â€ Done With The Election 	Early voting in Iowa, other states kicks off presidential election	http://www.foxnews.com/politics/2012/09/28/early-voting-in-iowa-kicks-off-presidential-election/	Let the voting begin. More than five weeks before Election Day, voters in the Iowa battleground began to cast their ballots Thursday as early voting opened.	http://www.npr.org/blogs/itsallpolitics/2012/09/27/161906329/iowa-voters-who-are-literally-done-with-the-election	Early in-person voting has begun in Iowa, the first swing state to open polling sites.	http://thecaucus.blogs.nytimes.com/2012/09/27/with-start-of-early-voting-election-day-becomes-election-month/	A stream of voters arrived at election offices across Iowa to cast their ballots, and waves of absentee ballots have started landing in mailboxes in 30 other states.
3476	Preparing for 1st Debate		Elections	2012-09-28	/story/preparing-1st-debate	Obama, Romney to break from trail ahead of debate	Presidential Debates: The One Area Where Campaigns Pitch Their Weakness	Campaigns launch into expectations game ahead of vital presidential debate	http://www.foxnews.com/politics/2012/09/28/campaigns-launch-into-expectations-game-ahead-vital-presidential-debate/	With the first presidential debate set for Wednesday, the campaigns are hard at work trying to jockey for advantage -- as the Obama campaign girds for a potentially aggressive performance by Mitt Romney.	http://www.npr.org/blogs/itsallpolitics/2012/09/28/161964007/presidential-debates-the-one-area-where-campaigns-pitch-their-weakness	It's the old game of setting the bar high for your opponent and lower for your candidate, of course. That way, anything short of a disastrous debate performance can be claimed as a knockout victory.	http://www.washingtonpost.com/politics/decision2012/obama-romney-to-go-off-trail-ahead-of-debate/2012/09/28/2e418f36-08c0-11e2-a10c-fa5a255a9258_story.html	President Obama travels to Henderson, Nev., on Sunday for a mission far more important than the usual swing state campaign rally: He will huddle privately with senior aides for an intensive three-day boot camp to prepare for the first presidential debate.
3475	Obama Keeps Edge in Polls		Elections	2012-10-01	/story/obama-keeps-edge-polls	Obama Leads on Expectations Ã¢â‚¬â€œ But the Race Itself Stays Close	Obama Keeps Edge in Polls	Obama widens lead, confidence against Romney	http://www.washingtontimes.com/news/2012/sep/30/obama-widens-lead-confidence-against-romney-voters/	President Obama has opened a sizable lead over Mitt Romney in polling ahead of the election as both Democrats and Republicans are increasingly convinced that he is going to win re-election, according to The Washington Times/Zogby Poll released Sunday.	http://blogs.wsj.com/washwire/2012/10/01/political-wisdom-obama-keeps-edge-in-polls-ahead-of-first-debate/	President Barack Obama leads Mitt Romney 52-41 across swing states, though the race is close nationally, a new Washington Post-ABC News poll finds.	http://abcnews.go.com/blogs/politics/2012/10/obama-leads-on-expectations-but-the-race-itself-stays-close/	Registered voters by 2-1 think Barack Obama will win the upcoming presidential debates and go on to prevail in the November election. But expectations aside, the race remains close, with strengths and vulnerabilities for both candidates in the campaign ahead.
3474	Penn Voter ID Change		Elections	2012-10-02	/story/voter-id-penn	Key Part of Voter ID Law in Pennsylvania Is Delayed for Election	Judge Puts Pennsylvania Voter ID Law On Hold Through Election	Judge blocks Pa.Ã¢â‚¬â„¢s new voter ID requirement 	http://www.washingtontimes.com/news/2012/oct/2/judge-blocks-pas-new-voter-id-requirement/	"A Pennsylvania judge on Tuesday blocked the state from enforcing its Republican-backed voter ID law in November, dealing a blow to the GOP’s hopes of carrying the state in the presidential election.
Read more: Judge blocks Pa.'s new voter ID requirement - Washington Times "	http://www.npr.org/blogs/thetwo-way/2012/10/02/162145104/judget-puts-pennsylvania-voter-id-law-on-hold-through-election	"A judge is basically ""postponing Pennsylvania's tough new voter identification requirement, ordering that it not be enforced in the presidential election,"" The Associated Press writes.
But in a ruling that's rather difficult to follow if you're not very familiar with the case, Commonwealth Court Judge Robert Simpson also says he ""will not restrain election officials from asking for photo ID at the polls; rather, I will enjoin enforcement of those parts of Act 18 which directly result in disenfranchisement."""	http://www.nytimes.com/2012/10/03/us/pennsylvania-judge-delays-implementation-of-voter-id-law.html	A Pennsylvania judge on Tuesday delayed full implementation of a highly contested state law requiring strict photographic identification to vote in next months election, saying that the authorities had not done enough to ensure that potential voters had access to the new documents.
3473	Debate Preview		Elections	2012-10-03	/story/debate-preview	5 things to watch in tonight's debate	Obama, Romney Get Set to Debate	Presidential debate ritual is a great equalizer for incumbent, challenger	http://www.washingtontimes.com/news/2012/oct/2/presidential-debate-ritual-is-a-great-equalizer-fo/	Call it the built-in gravitas gap: President Obama flies the country in a grand 747, cruises in plush limousines adorned with American flags, and speaks from the White House Rose Garden, while his campaign opponent, Mitt Romney, flies in a smaller MD-83 passenger jet, rides in nondescript SUVs and makes speeches at factories and strip malls.	http://blogs.wsj.com/washwire/2012/10/03/political-wisdom-obama-romney-get-set-to-debate/	President Barack Obama and Mitt Romney meet in Denver for their first debate starting at 9 p.m. ET. In a preview, Mr. Romney releases his second face-the-camera television ad. “We should measure our compassion by how many Americans are able to get good paying jobs, he says.	http://www.cnn.com/2012/10/03/politics/debate-five-things/index.html	President Barack Obama and GOP challenger Mitt Romney face off on Wednesday in the first of three presidential debates.
3472	Upcoming Debate		Elections	2012-10-03	/story/upcoming-debate	Welcome to the most important week of the campaign 	With First Debate This Week, We Really Are In Campaign's Final Stretch	DNC Predicts: Romney Winning First Debate With Obama? 	http://townhall.com/tipsheet/katiepavlich/2012/10/01/dnc_predicts_romney_winning_first_debate_with_obama	"The DNC is predicting Mitt Romney will win the first presidential debate against Barack Obama this week in Denver. Why? So if Obama totally bombs he won't look as bad.
Democratic National Committee spokesman Brad Woodhouse tells Fox News he thinks Republican presidential nominee Mitt Romney will win.
Woodhouse says the way the DNC sees it, challengers win the first debate when they are up against incumbents.
""Mitt Romney has had a lot more time to debate, the president has"	http://www.npr.org/blogs/thetwo-way/2012/10/01/162075439/with-first-debate-this-week-we-really-are-in-campaigns-final-stretch	"We're nearly to the last of the many milestones that come along during presidential campaigns.
The primaries? Long over.
The conventions? All wrapped up.
Labor Day, when voters supposedly start paying attention? That was four weeks ago.
Now we turn to the debates, which begin Wednesday at 9 p.m. ET. The first setting: The University of Denver. The focus: Domestic policy. The moderator: Jim Lehrer from PBS-TV's NewsHour. The stars (just for the record, we suspect you know by now): President Obama and his Republica"	http://www.washingtonpost.com/blogs/the-fix/wp/2012/10/01/welcome-to-the-most-important-week-of-the-campaign/	"There are 36 days left until Election Day, and that means that every day matters. But the next five days matter more than most when it comes to the races final outcome.
Heres why: There are two seminal events in the campaign this week Ã¢â‚¬â€ the first presidential debate on Wednesday night and the release of the September jobs report on Friday morning."
3471	2012 1st Presidential Debate		Elections	2012-10-03	/story/2012-1st-presidential-debate	Romney goes on the offensive	Obama & Romney: 'Corporate Executive' Vs. The 'Government Professor'	Romney Dominates In First Debate 	http://townhall.com/tipsheet/GuyBenson/2012/10/03/romney_dominates_in_first_debate	Romney seemed eager to answer every question, Obama looked peeved and sluggish.	http://www.npr.org/blogs/itsallpolitics/2012/10/01/162100614/live-blog-obama-romneys-first-debate	President Obama and his Republican challenger, former Massachusetts Gov. Mitt Romney, engaged Thursday night in a sometimes spirited, but always cordial, debate that got very technical at times.	http://www.washingtonpost.com/politics/decision2012/romney-obama-debate-could-be-pivot-point-in-campaign/2012/10/03/74fad02c-0d98-11e2-bd1a-b868e65d57eb_story.html	In first presidential debate, the Republican challenger forces President Obama to defend his economic record in a series of sharp exchanges.
3470	Fact Checking the Debate		Elections	2012-10-04	/story/fact-checking-debate	Fact Checks: What was truth, and what was not? 	Factchecking the first presidential debate of 2012	FACT CHECK: Presidential debate missteps	http://www.washingtontimes.com/news/2012/oct/3/fact-check-presidential-debate-missteps/	President Barack Obama and Republican rival Mitt Romney spun one-sided stories in their first presidential debate, not necessarily bogus, but not the whole truth.	http://www.washingtonpost.com/blogs/fact-checker/post/factchecking-the-first-presidential-debate-of-2012/2012/10/04/9d47934e-0d66-11e2-bb5e-492c0d30bff6_blog.html	"OPINION
There they go again.  Both President Obama and former Gov. Mitt Romney tossed out a blizzard of statistics and facts, often of dubious origin. Here are some highlights from the first presidential debate of 2012."	http://politicalticker.blogs.cnn.com/2012/10/04/cnn-fact-checks-what-was-truth-and-what-was-not/	Last night's debate was full of numbers and bold statements. Check out a slate of fact checks from the team at CNN:
3469	Who Won the 1st Debate		Elections	2012-10-04	/story/who-won-1st-debate	Obama Campaign: Romney Won Debate Because He Lied	Lights, Camera, Action (zzzz), Tweet!	Romney Dominates In First Debate	http://townhall.com/tipsheet/guybenson/2012/10/03/romney_dominates_in_first_debate	Who was that man, and what has he done with Mitt Romney? The Republican presidential nominee was more cheerful, more prepared, more specific, more informed and more energetic than President Obama tonight, resulting in a genuine rout. Romney seemed eager to answer every question, Obama looked peeved and sluggish. For every straw man argument the president raised, his challenger offered a lengthy and detailed rebuttal, in full command of the facts. Romney won virtually every single exchange throughout the night -- on jobs, on deficits, on energy, on Medicare, on...	http://www.npr.org/blogs/itsallpolitics/2012/10/03/162263340/lights-camera-action-zzzz-tweet	"I have spent the past few days sequestered with a crack team of political pros — actually, curled into a fetal ball, clutching a fading 1980 John Anderson poster — to gird myself for the vital first debate between President Obama and Mitt Romney.
So many questions lingered:
Would Romney offer to wager Obama $10,000 on who wins the race?
Would Obama tell Romney, ""You're taxable enough, Mitt""?
Would the two men reveal the secret handshake taught only to graduates of both Harvard College and Harvard Law School? (Didn't remember..."	http://www.huffingtonpost.com/2012/10/04/obama-romney-lied_n_1938926.html	"Democratic surrogates in the cable TV spin rooms Wednesday night seemed to have trouble explaining President Barack Obama's weak debate performance. By Thursday morning, however, the Obama campaign had settled on a explanation for why their guy lost: Mitt Romney lied.
""On Wednesday night, some saw Mitt Romney sounding polished,"" a 4:15 AM press release conceded. ""But when the dust settles, Romney's dozen flat-out falsehoods will be the only thing remaining from his debate performance -- because avoiding the truth has been the very definition of Romney's candidacy, and he..."
3468	Sept Jobs Report		Economy and Jobs	2012-10-05	/story/sept-12-jobs-report	Jobs Report Brings Unexpected Good News for Obama	One Jobs Report, Two Different Political Spins	Romney: Jobs growth not enough to re-elect Obama	http://www.washingtontimes.com/news/2012/oct/5/romney-jobs-growth-not-enough-reelect-obama/	The jobs picture improved in September, but Republican presidential nominee Mitt Romney said the fall in the nations jobless rate still is not enough to justify giving President Obama another term in office.	http://www.npr.org/2012/10/02/162183831/one-jobs-report-two-different-political-spins	With a new report showing the nation's unemployment rate fell to 7.8 percent last month, the Obama administration got good news Friday: Jobs are indeed growing. But, as Republicans noted, the pace remains well below the level needed to provide paychecks for the 12.1 million people seeking them.	http://thecaucus.blogs.nytimes.com/2012/10/05/jobs-report-brings-unexpected-good-news-for-obama/	After a lackluster debate, President Obama faced the prospect of a second piece of bad political news with Friday mornings jobs report. Instead, Mr. Obama Ã¢â‚¬â€ and the economy Ã¢â‚¬â€ received some unexpected good news.
3467	Early Voting in Ohio		Elections	2012-10-06	/story/early-voting-ohio	Ohio Early Voting Affirmed In Win For Obama Campaign	U.S. Court Reinstates Early Voting In Ohio	Obama supporters in overdrive to get early votes	http://townhall.com/news/politics-elections/2012/10/06/obama_supporters_in_overdrive_to_get_early_votes	Barack Obama volunteer Marilynn Wadden rang more than a dozen doorbells in her first hour canvassing a tidy neighborhood here before stopping to take stock of her progress. Only a handful of voters were home, and, of them, only one agreed to have a ballot mailed to him so he can vote early.	http://www.npr.org/2012/10/05/162391971/u-s-court-reinstates-early-voting-in-ohio	A federal appeals court on Friday reinstated in-person early voting in the swing state of Ohio on the final three days before Election Day, returning discretion to local boards of elections.	http://www.huffingtonpost.com/2012/10/05/ohio-early-voting-obama-victory_n_1943729.html	The injunction stands against a Republican-backed law that would have banned early voting in Ohio during the weekend before Election Day, a prime voting period for minorities in the 2008 election.
3466	Polls after Debate		Elections	2012-10-08	/story/polls-after-debate	Mitt Romney Surges In Some Polls, Lags In Others, As Manic Monday Messages Mix 	Romney's Debate Performance Swings Polls In His Favor	Romney surging nationally after biggest debate win in recorded history, polls show 	http://www.foxnews.com/politics/2012/10/08/romney-pulls-even-with-obama-in-first-post-debate-gallup-poll/	National polling released Monday continues to demonstrate an apparent Mitt Romney surge, with the Republican nominee at least pulling even with President Obama -- and in one poll shooting past him -- on the heels of what Gallup deemed the biggest debate victory in recorded history.	http://www.npr.org/blogs/itsallpolitics/2012/10/08/162522720/romneys-debate-performance-swings-polls-in-his-favor	In the five days since Republican presidential nominee Mitt Romney was declared by many the winner of the first presidential debate, political watchers have waited to see if polls would shift in response to his performance. And, they did.	http://www.huffingtonpost.com/2012/10/08/mitt-romney-polls-manic-monday_n_1949446.html	Call it Manic Monday. In one day, Gallup published results of a new national poll of registered voters showing both an even presidential race and a lead of five percentage points by President Barack Obama.
